検索順位,タイトル,URL
0,プログラミング言語 Python - python.jp,https://www.python.jp/
1,Welcome to Python.org,https://www.python.org/
2,Python チュートリアル  Python 3.9.1 ドキュメント,https://docs.python.org/ja/3/tutorial/
3,Pythonってどんな言語なの？ (1/2)：Python入門 - ＠IT,https://www.atmarkit.co.jp/ait/articles/1904/02/news024.html
4,Python - Wikipedia - ウィキペディア,https://ja.wikipedia.org/wiki/Python
5,Python | プログラミングの入門なら基礎から学べるProgate ...,https://prog-8.com/languages/python
6,Python入門 Pythonのインストール方法やPythonを使った ...,https://www.javadrive.jp/python/
7,とほほのPython入門 - とほほのWWW入門,http://www.tohoho-web.com/python/
8,Pythonってどんな言語？ 特徴と歴史を『独習Python』から ...,https://codezine.jp/article/detail/12457
